{
  "run_name": "EfficientNet_bs_exp01_bs4",
  "model_title": "EfficientNetB0",
  "best_epoch": 12,
  "epochs_completed": 24,
  "stopped_early": true,
  "best_metric_name": "f1",
  "best_metric_value": 0.8677248677248677,
  "best_metrics": {
    "accuracy": 0.8641304347826086,
    "precision": 0.845360824742268,
    "recall": 0.8913043478260869,
    "f1": 0.8677248677248677,
    "roc_auc": 0.9214910207939508,
    "loss": 0.6550522073196628
  },
  "elapsed_seconds": 1888.7204711437225,
  "elapsed_time": "31m 28s",
  "parameters": {
    "total": 4010110,
    "trainable": 4010110
  },
  "run_dir": "c:\\Users\\anast\\Desktop\\Study\\dyplom\\flood_project\\data\\classification_runs\\EfficientNet_bs_exp01_bs4"
}