{
  "run_name": "MobileNetV2_lr_exp03_lr3e-4",
  "model_title": "MobileNetV2",
  "best_epoch": 18,
  "epochs_completed": 30,
  "stopped_early": true,
  "best_metric_name": "f1",
  "best_metric_value": 0.6766169154228856,
  "best_metrics": {
    "accuracy": 0.6467391304347826,
    "precision": 0.6238532110091743,
    "recall": 0.7391304347826086,
    "f1": 0.6766169154228856,
    "roc_auc": 0.665406427221172,
    "loss": 1.5219384224518486
  },
  "elapsed_seconds": 777.8444335460663,
  "elapsed_time": "12m 57s",
  "parameters": {
    "total": 2226434,
    "trainable": 2562
  },
  "run_dir": "c:\\Users\\anast\\Desktop\\Study\\dyplom\\flood_project\\data\\classification_runs\\MobileNetV2_lr_exp03_lr3e-4"
}