{
  "run_name": "MobileNetV2_lr_exp01_lr5e-5",
  "model_title": "MobileNetV2",
  "best_epoch": 46,
  "epochs_completed": 58,
  "stopped_early": true,
  "best_metric_name": "f1",
  "best_metric_value": 0.6326530612244898,
  "best_metrics": {
    "accuracy": 0.6086956521739131,
    "precision": 0.5961538461538461,
    "recall": 0.6739130434782609,
    "f1": 0.6326530612244898,
    "roc_auc": 0.6167296786389413,
    "loss": 1.716284067734428
  },
  "elapsed_seconds": 1564.6764404773712,
  "elapsed_time": "26m 4s",
  "parameters": {
    "total": 2226434,
    "trainable": 2562
  },
  "run_dir": "c:\\Users\\anast\\Desktop\\Study\\dyplom\\flood_project\\data\\classification_runs\\MobileNetV2_lr_exp01_lr5e-5"
}