{
  "run_name": "ResNet101_lr_exp01_lr5e-5",
  "model_title": "ResNet101",
  "best_epoch": 30,
  "epochs_completed": 42,
  "stopped_early": true,
  "best_metric_name": "f1",
  "best_metric_value": 0.7513227513227513,
  "best_metrics": {
    "accuracy": 0.7445652173913043,
    "precision": 0.7319587628865979,
    "recall": 0.7717391304347826,
    "f1": 0.7513227513227513,
    "roc_auc": 0.7861531190926276,
    "loss": 0.6396246008251024
  },
  "elapsed_seconds": 3706.494652748108,
  "elapsed_time": "1h 1m 46s",
  "parameters": {
    "total": 42504258,
    "trainable": 4098
  },
  "run_dir": "c:\\Users\\anast\\Desktop\\Study\\dyplom\\flood_project\\data\\classification_runs\\ResNet101_lr_exp01_lr5e-5"
}