{
  "run_name": "EfficientNet_lr_exp01_lr5e-5",
  "model_title": "EfficientNetB0",
  "best_epoch": 23,
  "epochs_completed": 35,
  "stopped_early": true,
  "best_metric_name": "f1",
  "best_metric_value": 0.8369565217391305,
  "best_metrics": {
    "accuracy": 0.8369565217391305,
    "precision": 0.8369565217391305,
    "recall": 0.8369565217391305,
    "f1": 0.8369565217391305,
    "roc_auc": 0.8843927221172023,
    "loss": 1.0027149830256468
  },
  "elapsed_seconds": 2785.4070534706116,
  "elapsed_time": "46m 25s",
  "parameters": {
    "total": 4010110,
    "trainable": 4010110
  },
  "run_dir": "c:\\Users\\anast\\Desktop\\Study\\dyplom\\flood_project\\data\\classification_runs\\EfficientNet_lr_exp01_lr5e-5"
}